/*
SQLyog Ultimate v11.13 (64 bit)
MySQL - 5.7.30-log : Database - linfeng-community-ky
*********************************************************************
*/

/*!40101 SET NAMES utf8 */;

/*!40101 SET SQL_MODE=''*/;

/*!40014 SET @OLD_UNIQUE_CHECKS=@@UNIQUE_CHECKS, UNIQUE_CHECKS=0 */;
/*!40014 SET @OLD_FOREIGN_KEY_CHECKS=@@FOREIGN_KEY_CHECKS, FOREIGN_KEY_CHECKS=0 */;
/*!40101 SET @OLD_SQL_MODE=@@SQL_MODE, SQL_MODE='NO_AUTO_VALUE_ON_ZERO' */;
/*!40111 SET @OLD_SQL_NOTES=@@SQL_NOTES, SQL_NOTES=0 */;
/*USE `linfeng-community-ky`;*/

/*Table structure for table `lf_category` */

DROP TABLE IF EXISTS `lf_category`;

CREATE TABLE `lf_category` (
  `cate_id` int(11) NOT NULL AUTO_INCREMENT COMMENT 'åˆ†ç±»id',
  `cate_name` varchar(50) NOT NULL COMMENT 'åˆ†ç±»åç§°',
  `is_top` int(1) DEFAULT '0' COMMENT 'æ˜¯å¦æ¨è(1æ¨è)',
  `cover_image` varchar(255) DEFAULT '' COMMENT 'å›¾ç‰‡',
  PRIMARY KEY (`cate_id`) USING BTREE
) ENGINE=InnoDB AUTO_INCREMENT=24 DEFAULT CHARSET=utf8 ROW_FORMAT=COMPACT;

/*Data for the table `lf_category` */

insert  into `lf_category`(`cate_id`,`cate_name`,`is_top`,`cover_image`) values (1,'æ ¡å›­',0,'http://pic.linfeng.tech/test/20220210/88148b0cd20f4ad4a09ce61866024281.jpg'),(2,'éŸ³ä¹',1,'http://pic.linfeng.tech/test/20220207/8d796540337d4dd48ae11143fc570b77.jpg'),(3,'ç”Ÿæ´»',1,'http://pic.linfeng.tech/test/20220207/69aaaff2132447dc9c4b893ce53e242d.jpg'),(4,'å…´è¶£',0,'http://pic.linfeng.tech/test/20220210/c7d2e8489a5642ba91b7b5f97c282141.jpg'),(5,'è¿åŠ¨',0,'http://pic.linfeng.tech/test/20220207/69aaaff2132447dc9c4b893ce53e242d.jpg'),(6,'æ—…è¡Œ',1,'http://pic.linfeng.tech/test/20220207/69aaaff2132447dc9c4b893ce53e242d.jpg'),(7,'çŸ¥è¯†',0,'http://pic.linfeng.tech/test/20220210/9621f4992cf64393be7567159b8d13f8.jpeg'),(8,'åŠ¨æ¼«',0,'http://pic.linfeng.tech/test/20220207/69aaaff2132447dc9c4b893ce53e242d.jpg'),(9,'æƒ…æ„Ÿ',0,'http://pic.linfeng.tech/test/20220207/69aaaff2132447dc9c4b893ce53e242d.jpg'),(10,'å¨±ä¹',0,'http://pic.linfeng.tech/test/20220207/69aaaff2132447dc9c4b893ce53e242d.jpg'),(11,'å® ç‰©',0,'http://pic.linfeng.tech/test/20220207/69aaaff2132447dc9c4b893ce53e242d.jpg'),(13,'ç¾é£Ÿ',0,'http://pic.linfeng.tech/test/20220207/69aaaff2132447dc9c4b893ce53e242d.jpg'),(14,'èŒåœº',0,'http://pic.linfeng.tech/test/20220207/69aaaff2132447dc9c4b893ce53e242d.jpg'),(15,'æ‘„å½±',1,'http://pic.linfeng.tech/test/20220207/69aaaff2132447dc9c4b893ce53e242d.jpg'),(16,'æ—¶å°š',0,'http://pic.linfeng.tech/test/20220207/69aaaff2132447dc9c4b893ce53e242d.jpg'),(17,'é˜…è¯»',0,'http://pic.linfeng.tech/test/20220207/69aaaff2132447dc9c4b893ce53e242d.jpg'),(18,'æ¸¸æˆ',0,'http://pic.linfeng.tech/test/20220207/69aaaff2132447dc9c4b893ce53e242d.jpg'),(19,'æ‰“å¡',0,'http://pic.linfeng.tech/test/20220207/2858506e3dca4a9a8367201ed04b80bb.png'),(22,'å¼€å‘',0,'http://pic.linfeng.tech/test/20220207/223ba0004cf54969a68a0ffad58cc51f.png'),(23,'äº¤æµ',0,'http://pic.linfeng.tech/test/20220207/e334ab448fb44083b3df5d288f18d261.jpg');

/*Table structure for table `lf_comment` */

DROP TABLE IF EXISTS `lf_comment`;

CREATE TABLE `lf_comment` (
  `id` bigint(20) NOT NULL AUTO_INCREMENT COMMENT 'id',
  `pid` int(11) DEFAULT '0' COMMENT 'çˆ¶çº§id',
  `type` int(1) NOT NULL DEFAULT '1' COMMENT 'è¯„è®ºç±»å‹:1å¸–å­',
  `uid` bigint(20) NOT NULL DEFAULT '0' COMMENT 'è¯„è®ºä½œè€…ID',
  `to_uid` int(11) DEFAULT '0' COMMENT 'è¢«å›å¤ç”¨æˆ·ID',
  `post_id` bigint(20) NOT NULL DEFAULT '0' COMMENT 'è¯„è®ºå¸–å­ID',
  `content` varchar(255) NOT NULL DEFAULT '' COMMENT 'è¯„è®ºå†…å®¹',
  `status` tinyint(4) DEFAULT '1' COMMENT 'è¯„è®ºçŠ¶æ€',
  `create_time` datetime DEFAULT NULL COMMENT 'åˆ›å»ºæ—¶é—´',
  PRIMARY KEY (`id`) USING BTREE
) ENGINE=InnoDB DEFAULT CHARSET=utf8mb4 ROW_FORMAT=COMPACT;

/*Data for the table `lf_comment` */

/*Table structure for table `lf_comment_thumbs` */

DROP TABLE IF EXISTS `lf_comment_thumbs`;

CREATE TABLE `lf_comment_thumbs` (
  `id` int(11) NOT NULL AUTO_INCREMENT COMMENT 'id',
  `c_id` int(11) NOT NULL COMMENT 'è¯„è®ºid',
  `uid` int(11) NOT NULL COMMENT 'ç”¨æˆ·id',
  `create_time` datetime DEFAULT NULL COMMENT 'åˆ›å»ºæ—¶é—´',
  PRIMARY KEY (`id`) USING BTREE
) ENGINE=InnoDB DEFAULT CHARSET=utf8mb4 ROW_FORMAT=DYNAMIC;

/*Data for the table `lf_comment_thumbs` */

/*Table structure for table `lf_follow` */

DROP TABLE IF EXISTS `lf_follow`;

CREATE TABLE `lf_follow` (
  `id` int(11) NOT NULL AUTO_INCREMENT COMMENT 'id',
  `uid` int(11) NOT NULL COMMENT 'ç”¨æˆ·id',
  `follow_uid` int(11) NOT NULL COMMENT 'å…³æ³¨çš„ç”¨æˆ·id',
  `create_time` datetime DEFAULT NULL COMMENT 'åˆ›å»ºæ—¶é—´',
  PRIMARY KEY (`id`) USING BTREE,
  UNIQUE KEY `uid` (`uid`,`follow_uid`) USING BTREE
) ENGINE=InnoDB DEFAULT CHARSET=utf8 ROW_FORMAT=COMPACT;

/*Data for the table `lf_follow` */

/*Table structure for table `lf_link` */

DROP TABLE IF EXISTS `lf_link`;

CREATE TABLE `lf_link` (
  `id` int(11) NOT NULL AUTO_INCREMENT COMMENT 'id',
  `title` varchar(100) NOT NULL COMMENT 'æ ‡é¢˜',
  `url` varchar(255) NOT NULL COMMENT 'è·¯å¾„',
  `img` varchar(255) NOT NULL COMMENT 'å›¾ç‰‡',
  `type` int(1) DEFAULT '1' COMMENT '3åœˆå­é¡µè½®æ’­å›¾',
  `create_time` datetime DEFAULT NULL COMMENT 'åˆ›å»ºæ—¶é—´',
  PRIMARY KEY (`id`) USING BTREE
) ENGINE=InnoDB AUTO_INCREMENT=50 DEFAULT CHARSET=utf8 ROW_FORMAT=DYNAMIC;

/*Data for the table `lf_link` */

insert  into `lf_link`(`id`,`title`,`url`,`img`,`type`,`create_time`) values (47,'æ—©å®‰','/pages/topic/detail?id=2','http://pic.linfeng.tech/test/20220418/9daf434efde346b29858c5b96fb280a2.jpeg',3,'2022-01-26 14:03:38'),(48,'æ™šå®‰','/pages/post/detail?id=140','http://pic.linfeng.tech/test/20220418/fd00e1b7f5d84f50b7f06e7c232624f1.jpeg',3,'2022-01-26 14:03:38'),(49,'ä½ å¥½','/pages/post/detail?id=293','http://pic.linfeng.tech/test/20220719/c002d92851654755877cb1f3e7c9460d.jpeg',3,'2022-07-19 20:49:39');

/*Table structure for table `lf_post` */

DROP TABLE IF EXISTS `lf_post`;

CREATE TABLE `lf_post` (
  `id` int(11) NOT NULL AUTO_INCREMENT COMMENT 'id',
  `uid` int(11) NOT NULL COMMENT 'ç”¨æˆ·id',
  `topic_id` int(11) DEFAULT '0' COMMENT 'åœˆå­id',
  `discuss_id` int(11) DEFAULT '0' COMMENT 'è¯é¢˜id',
  `vote_id` int(11) DEFAULT NULL COMMENT 'æŠ•ç¥¨id',
  `title` varchar(50) DEFAULT '' COMMENT 'æ ‡é¢˜',
  `content` longtext CHARACTER SET utf8mb4 COMMENT 'å†…å®¹',
  `media` text COMMENT 'æ–‡ä»¶',
  `read_count` int(255) DEFAULT '0' COMMENT 'æµè§ˆé‡',
  `post_top` int(1) DEFAULT '0' COMMENT 'ç½®é¡¶',
  `type` int(1) DEFAULT '1' COMMENT 'å¸–å­ç±»å‹ï¼š1 å›¾æ–‡ ï¼Œ2è§†é¢‘ ï¼Œ3æ–‡ç« ï¼Œ4æŠ•ç¥¨',
  `address` varchar(255) DEFAULT NULL COMMENT 'åœ°å€åç§°',
  `longitude` double(10,6) DEFAULT '0.000000' COMMENT 'ç»åº¦',
  `latitude` double(10,6) DEFAULT '0.000000' COMMENT 'çº¬åº¦',
  `create_time` datetime DEFAULT NULL COMMENT 'åˆ›å»ºæ—¶é—´',
  `status` int(1) NOT NULL DEFAULT '0' COMMENT 'çŠ¶æ€0æ­£å¸¸1å®¡æ ¸',
  `cut` int(1) NOT NULL DEFAULT '0' COMMENT 'å¤‡ç”¨å­—æ®µ',
  PRIMARY KEY (`id`) USING BTREE
) ENGINE=InnoDB AUTO_INCREMENT=45 DEFAULT CHARSET=utf8 ROW_FORMAT=COMPACT;

/*Data for the table `lf_post` */

insert  into `lf_post`(`id`,`uid`,`topic_id`,`discuss_id`,`vote_id`,`title`,`content`,`media`,`read_count`,`post_top`,`type`,`address`,`longitude`,`latitude`,`create_time`,`status`,`cut`) values (10,3,20,0,NULL,'è¸©è¸©è¸©','å“ˆå“ˆå“ˆå“ˆ','[\"http://pic.linfeng.tech/test/20220126/4515fc2cbed74d0b9163d35a12bd4c3b.png\"]',0,0,1,'',118.874190,28.935920,'2022-01-26 22:08:02',0,0),(11,3,24,0,NULL,'çš®çš®','å•Šå•Šå•Šå•Šå•Šå•Šå•Š','[\"http://pic.linfeng.tech/test/20220126/be7bcf13da1848c79c19ff01e7ce73e6.jpg\",\"http://pic.linfeng.tech/test/20220126/68530cbe2fab469d8e60f3aa2dd948e6.jpg\"]',4,0,1,'',118.874190,28.935920,'2022-01-26 22:10:46',0,0),(12,3,19,0,NULL,'å“ˆå“ˆå“ˆ','å™¢å™¢å™¢å™¢','[\"http://pic.linfeng.tech/test/20220127/01d66d7d8de4401c87e8ba3b475fc6fb.mp4\"]',6,0,2,'',118.872680,28.936548,'2022-01-27 11:45:19',0,0),(14,3,24,0,NULL,'ç¿»å”±è€è–›_é«˜å°š','ä½œæ›²ç¿»å”±cover by è–›ä¹‹è°¦','[\"http://pic.linfeng.tech/test/20220127/985fdbbb4cea47578eeb7be22f0c4854.mp4\"]',6,0,2,'',118.870078,28.938044,'2022-01-27 12:26:28',0,0),(15,4,20,0,NULL,'éšé£é£˜è½','ç»†æ•°é—¨å‰è½å¶,å€¾å¬çª—å¤–é›¨å£°,æ¶‰æ°´è€Œè¿‡çš„å£°éŸ³æ­¤æ¬¡å“èµ·,ä½ è¢«é›¨æ·‹æ¹¿çš„å¿ƒ,æ˜¯å¦ä¾æ—§','[\"http://pic.linfeng.tech/test/20220127/5d0ae07ed3ad40b4a5266c65096afd3c.mp4\"]',6,0,2,'',118.874190,28.935920,'2022-01-27 15:40:23',0,0),(16,4,20,0,NULL,'ä½ åœ¨é›¨ä¸­è¡Œèµ°,ä½ ä»ä¸æ‰“ä¼','ç«™åœ¨å¯’å†¬çš„å†·é£ä¸­,æ¼«å¤©çš„é›ªèŠ±æ­£çº·çº·æ‰¬æ‰¬åœ°åŒ…è£¹ç€è¿™åº§å¯’å†·çš„åŸå¸‚','[\"http://pic.linfeng.tech/test/20220127/b4d45d81ace6482b94d8b3ae2e41918b.jpg\"]',25,1,1,'',0.000000,0.000000,'2022-01-27 18:04:54',0,0),(17,4,20,0,NULL,'å˜¿å˜¿','ä½ åœ¨ç­‰ä¸€åœºæ˜¥åç§‹å®ï¼Œä½ åœ¨ç­‰æ–°ä¸€è½®çš„æ˜¥æš–èŠ±å¼€ï¼Œä½ åœ¨ç­‰ä»æœªæœ‰è¿‡çš„é›·éœ†ä¸‡...','[\"http://pic.linfeng.tech/test/20220127/0e94cf332b034ee0be0a3a73ef76794f.mp4\"]',28,1,2,'',118.878741,28.926487,'2022-01-27 18:08:59',0,0),(32,3,19,2,NULL,'æµ‹è¯•','æµ‹è¯•æµ‹è¯•','[]',3,0,1,'',0.000000,0.000000,'2022-01-30 19:14:00',0,0),(33,3,20,0,NULL,'test','å“ˆå“ˆå“ˆå“ˆå“ˆ','[]',4,0,1,'',118.874190,28.935920,'2022-02-10 14:29:34',2,3),(34,6,2,0,NULL,'æµ‹è¯•å•¦','å“ˆå“ˆå“ˆå“ˆå“ˆå“ˆå“ˆ','[\"http://pic.linfeng.tech/test/20220305/b59f6ecada1749538d1c9b79b7504a2e.png\",\"http://pic.linfeng.tech/test/20220305/a0128e656ff94aeb9e65a1c134748e1c.png\"]',3,0,1,'',0.000000,0.000000,'2022-03-05 19:54:01',0,5),(35,6,2,0,NULL,'ç¿»å”±','ç¿»å”±ç³»åˆ—è–›ä¹‹è°¦cover by ä¸‡è±¹','[\"http://pic.linfeng.tech/test/20220305/9fb3ca2da5544dad97bc94b2613e4069.mp4\"]',5,0,2,'',0.000000,0.000000,'2022-03-05 19:55:36',0,2),(39,3,2,0,NULL,'123','å“ˆå“ˆ','[\"http://pic.linfeng.tech/ti3WdmAbMXTd37ce1432eb02f2a60dd942914e5fdc3d.png\",\"http://pic.linfeng.tech/OxYTAkuGEQl8febb6ca7fa1cb0af1c54801a1201aaf5.png\",\"http://pic.linfeng.tech/a3iVEFAjvKfz14efa03d524a2a2483f7e759946a4f8d.png\",\"http://pic.linfeng.tech/PtwGdwH0olnVf1d827d196497177f016778dc2b53adb.png\"]',9,0,1,'',0.000000,0.000000,'2022-10-01 16:33:23',0,0),(40,4,2,1,NULL,'æµ‹è¯•','å“¦å“¦å“¦å“¦å“¦å“¦å“¦å“¦å“¦','[]',2,0,1,'',0.000000,0.000000,'2022-10-01 16:33:23',0,1),(41,8,2,0,NULL,'tttt','hhhhhhhh','[]',10001,0,1,'',0.000000,0.000000,'2022-10-01 16:33:23',0,1),(42,8,2,0,NULL,'2222','hhhhh','[\"http://pic.linfeng.tech/test/20220727/7756741ea0e24523a75187ce819b8bb6.jpg\"]',1,0,1,'',0.000000,0.000000,'2022-10-01 16:47:35',0,4),(43,13,2,0,NULL,'æµ‹è¯•','æµ‹è¯•åˆ†ç±»','[]',2,0,1,'',0.000000,0.000000,'2022-10-02 11:16:07',0,8),(44,7,2,0,NULL,'1111112','222','[]',1,0,1,'',0.000000,0.000000,'2022-10-20 15:44:23',0,0);

/*Table structure for table `lf_post_collection` */

DROP TABLE IF EXISTS `lf_post_collection`;

CREATE TABLE `lf_post_collection` (
  `uid` int(11) NOT NULL COMMENT 'ç”¨æˆ·id',
  `post_id` int(11) NOT NULL COMMENT 'å¸–å­id'
) ENGINE=InnoDB DEFAULT CHARSET=utf8 ROW_FORMAT=COMPACT;

/*Data for the table `lf_post_collection` */

/*Table structure for table `lf_post_fabulous` */

DROP TABLE IF EXISTS `lf_post_fabulous`;

CREATE TABLE `lf_post_fabulous` (
  `id` int(11) NOT NULL AUTO_INCREMENT COMMENT 'id',
  `uid` int(11) NOT NULL COMMENT 'ç”¨æˆ·id',
  `post_id` int(11) NOT NULL COMMENT 'å¸–å­id',
  PRIMARY KEY (`id`) USING BTREE
) ENGINE=InnoDB DEFAULT CHARSET=utf8 ROW_FORMAT=COMPACT;

/*Data for the table `lf_post_fabulous` */

/*Table structure for table `lf_system` */

DROP TABLE IF EXISTS `lf_system`;

CREATE TABLE `lf_system` (
  `config` varchar(50) NOT NULL,
  `value` text,
  `extend` text,
  `intro` varchar(255) DEFAULT NULL,
  PRIMARY KEY (`config`) USING BTREE
) ENGINE=InnoDB DEFAULT CHARSET=utf8 ROW_FORMAT=COMPACT;

/*Data for the table `lf_system` */

insert  into `lf_system`(`config`,`value`,`extend`,`intro`) values ('miniapp','wx8068e9992da3e9d5','ba0b3020uio6bf078b8c0ada099e8ed','http://pic.linfeng.tech/test/20220724/9a665bf276a44827ad8ef0b3140a7d1d.png');

/*Table structure for table `lf_user` */

DROP TABLE IF EXISTS `lf_user`;

CREATE TABLE `lf_user` (
  `uid` int(11) NOT NULL AUTO_INCREMENT COMMENT 'ç”¨æˆ·id',
  `mobile` varchar(11) CHARACTER SET utf8 DEFAULT NULL COMMENT 'æ‰‹æœºå·',
  `username` varchar(50) NOT NULL COMMENT 'ç”¨æˆ·å',
  `password` varchar(32) CHARACTER SET utf8 DEFAULT NULL COMMENT 'å¯†ç ',
  `group_id` int(11) NOT NULL DEFAULT '2' COMMENT 'ç”¨æˆ·ç»„',
  `avatar` varchar(255) CHARACTER SET utf8 DEFAULT NULL COMMENT 'å¤´åƒ',
  `gender` int(1) NOT NULL DEFAULT '0' COMMENT 'æ€§åˆ«(0æœªçŸ¥ï¼Œ1ç”·ï¼Œ2å¥³)',
  `province` varchar(50) CHARACTER SET utf8 DEFAULT '' COMMENT 'çœä»½',
  `city` varchar(20) CHARACTER SET utf8 DEFAULT '' COMMENT 'åŸå¸‚',
  `openid` varchar(255) CHARACTER SET utf8 DEFAULT NULL COMMENT 'å°ç¨‹åºopenid',
  `mp_openid` varchar(100) CHARACTER SET utf8 DEFAULT NULL COMMENT 'å…¬ä¼—å·openid',
  `unionid` varchar(100) CHARACTER SET utf8 DEFAULT NULL COMMENT 'unionid',
  `status` int(10) NOT NULL DEFAULT '0' COMMENT 'çŠ¶æ€',
  `intro` varchar(255) DEFAULT 'è¿™ä¸ªäººå¾ˆæ‡’ï¼Œæ²¡ç•™ä¸‹ä»€ä¹ˆ' COMMENT 'ä¸ªæ€§ç­¾å',
  `integral` int(255) DEFAULT '0' COMMENT 'ç§¯åˆ†',
  `last_login_ip` varchar(20) CHARACTER SET utf8 DEFAULT NULL COMMENT 'æœ€åç™»å½•ip',
  `tag_str` varchar(255) CHARACTER SET utf8 DEFAULT '' COMMENT 'ç”¨æˆ·æ ‡ç­¾',
  `type` int(1) DEFAULT '0' COMMENT '0ä¸ºæ™®é€šç”¨æˆ·ï¼Œ1å®˜æ–¹è´¦å·2é©¬ç”²è™šæ‹Ÿç”¨æˆ·',
  `update_time` datetime DEFAULT NULL COMMENT 'æ›´æ–°æ—¶é—´',
  `create_time` datetime DEFAULT NULL COMMENT 'åˆ›å»ºæ—¶é—´',
  PRIMARY KEY (`uid`) USING BTREE
) ENGINE=InnoDB AUTO_INCREMENT=15 DEFAULT CHARSET=utf8mb4 ROW_FORMAT=COMPACT;

/*Data for the table `lf_user` */

insert  into `lf_user`(`uid`,`mobile`,`username`,`password`,`group_id`,`avatar`,`gender`,`province`,`city`,`openid`,`mp_openid`,`unionid`,`status`,`intro`,`integral`,`last_login_ip`,`tag_str`,`type`,`update_time`,`create_time`) values (1,'15678876545','piping',NULL,2,'http://pic.linfeng.tech/test/20220126/4515fc2cbed74d0b9163d35a12bd4c3b.png',2,'æµ™æ±Ÿ','æ­å·','o7yfg4vyubvvxgjtaIuuuvcxcfGA',NULL,'ajskajskajskajskasd',1,'è¿™ä¸ªäººå¾ˆæ‡’ï¼Œæ²¡ç•™ä¸‹ä»€ä¹ˆ',0,'39.130.106.136','[\"èŒæ–°\",\"ç å†œ\",\"å‘å¸–è¾¾äºº\",\"è¿åŠ¨\"]',0,'2022-01-21 15:12:16','2022-01-21 15:12:23'),(2,NULL,'kity',NULL,2,'http://pic.linfeng.tech/test/20220126/a58ae30c4bc44942afa4b9752bedc59b.jpeg',1,'æµ™æ±Ÿ','å®æ³¢','o8cxg9vudddhsjjOK33TavcklbGA',NULL,NULL,0,'è¿™ä¸ªäººå¾ˆæ‡’ï¼Œæ²¡ç•™ä¸‹ä»€ä¹ˆ',0,'39.130.106.135','[\"èŒæ–°\",\"ç å†œ\",\"å‘å¸–è¾¾äºº\",\"è¿åŠ¨\"]',0,'2022-01-21 15:12:26','2022-01-21 15:12:28'),(3,NULL,'å¤©è¾¹çš„äº‘',NULL,2,'https://thirdwx.qlogo.cn/mmopen/vi_32/jXkb3ugwib7xMoiaOpz03GLBDEsy9G6e7m0iaIpWoIt1UpTxCzibQA4M5dAicSjQBkOYA7Yu6jgrTKqmMiag9jtWl5Aw/132',1,'','æµ™æ±Ÿçœæ­å·å¸‚ ç§»é€š','o6z2m5Cc8jzhvANf42L5LQQRXsuu',NULL,NULL,0,'è¿™ä¸ªäººå¾ˆæ‡’',0,'0:0:0:0:0:0:0:1','[\"èŒæ–°\",\"åœˆå­è¾¾äºº\",\"æ—…è¡Œ\",\"è½¯ä»¶å¼€å‘\"]',0,'2022-02-10 14:25:25','2022-01-20 14:25:30'),(4,NULL,'æ—é£',NULL,2,'https://thirdwx.qlogo.cn/mmopen/vi_32/DicojWMHWdvIFD9tQa7XBt1iaTBQtYJ4icLE9z971WErrNXLLdFmPvACiaHpmibuCKicoTR8S1Z7iayXYynRwEFgVqlnw/132',1,'','æµ™æ±Ÿçœå®æ³¢å¸‚ ç”µä¿¡','o6z2m5DdnR0-9BdqZfK3Z3f_i4tt',NULL,NULL,0,'è¿™ä¸ªäººå¾ˆæ‡’ï¼Œæ²¡ç•™ä¸‹ä»€ä¹ˆ',0,'0:0:0:0:0:0:0:1','[\"èŒæ–°\",\"ç å†œ\",\"å‘å¸–è¾¾äºº\",\"è¿åŠ¨\"]',1,'2022-04-15 12:37:39','2022-01-27 14:21:58'),(6,'15669210138','LF_968742',NULL,2,'http://pic.linfeng.tech/test/20220305/6c6b1a1f1a904d5bb155daa48d2a0649.jpg',0,'','æµ™æ±Ÿçœå®æ³¢å¸‚ ç”µä¿¡',NULL,NULL,NULL,0,'è¿™ä¸ªäººå¾ˆæ‡’ï¼Œæ²¡ç•™ä¸‹ä»€ä¹ˆ',0,'0:0:0:0:0:0:0:1','[\"èŒæ–°\"]',1,'2022-03-05 19:45:08','2022-03-05 19:42:28'),(7,'15105701666','LF_353869',NULL,2,'http://pic.linfeng.tech/test/20220126/4515fc2cbed74d0b9163d35a12bd4c3b.png',0,'','æµ™æ±Ÿçœå®æ³¢å¸‚ ç”µä¿¡',NULL,NULL,NULL,0,'è¿™ä¸ªäººå¾ˆæ‡’ï¼Œæ²¡ç•™ä¸‹ä»€ä¹ˆ',0,'0:0:0:0:0:0:0:1','[\"èŒæ–°\"]',0,'2022-04-03 14:20:01','2022-04-03 14:18:40'),(8,'13245677090','LF_79271821',NULL,2,'http://pic.linfeng.tech/test/20220126/4515fc2cbed74d0b9163d35a12bd4c3b.png',0,'','',NULL,NULL,NULL,0,'è¿™ä¸ªäººå¾ˆæ‡’ï¼Œæ²¡ç•™ä¸‹ä»€ä¹ˆ',0,NULL,'[\"æ–°äºº\"]',0,'2022-07-27 16:33:05','2022-07-27 16:33:05'),(12,NULL,'å¤©è¾¹çš„äº‘',NULL,2,'https://thirdwx.qlogo.cn/mmopen/vi_32/jXkb3ugwib7xMoiaOpz03GLBDEsy9G6e7m0iaIpWoIt1UpTxCzibQA4M5dAicSjQBkOYA7Yu6jgrTKqmMiag9jtWl5Aw/132',0,'','','o6z2m5Cc8jzhvANf42L5LQQRXsuY',NULL,NULL,0,'è¿™ä¸ªäººå¾ˆæ‡’ï¼Œæ²¡ç•™ä¸‹ä»€ä¹ˆ',0,NULL,'[\"æ–°äºº\"]',0,'2022-08-18 11:03:36','2022-08-18 11:03:36'),(13,'15890909999','LF_74950175',NULL,2,'http://pic.linfeng.tech/test/20220126/4515fc2cbed74d0b9163d35a12bd4c3b.png',0,'','',NULL,NULL,NULL,0,'è¿™ä¸ªäººå¾ˆæ‡’ï¼Œæ²¡ç•™ä¸‹ä»€ä¹ˆ',0,NULL,'[\"æ–°äºº\"]',0,'2022-09-04 10:48:54','2022-09-04 10:48:54'),(14,'17890909898','LF_55258784',NULL,2,'http://pic.linfeng.tech/test/20220126/4515fc2cbed74d0b9163d35a12bd4c3b.png',0,'','',NULL,NULL,NULL,0,'è¿™ä¸ªäººå¾ˆæ‡’ï¼Œæ²¡ç•™ä¸‹ä»€ä¹ˆ',0,NULL,'[\"æ–°äºº\"]',0,'2022-10-08 13:41:03','2022-10-08 13:41:03');

/*Table structure for table `lf_user_topic` */

DROP TABLE IF EXISTS `lf_user_topic`;

CREATE TABLE `lf_user_topic` (
  `uid` int(11) NOT NULL COMMENT 'ç”¨æˆ·id',
  `topic_id` int(11) NOT NULL COMMENT 'åœˆå­id',
  `create_time` datetime DEFAULT '0000-00-00 00:00:00' COMMENT 'åˆ›å»ºæ—¶é—´',
  UNIQUE KEY `uid` (`uid`,`topic_id`) USING BTREE
) ENGINE=InnoDB DEFAULT CHARSET=utf8 ROW_FORMAT=COMPACT;

/*Data for the table `lf_user_topic` */

/*Table structure for table `qrtz_blob_triggers` */

DROP TABLE IF EXISTS `qrtz_blob_triggers`;

CREATE TABLE `qrtz_blob_triggers` (
  `SCHED_NAME` varchar(120) NOT NULL,
  `TRIGGER_NAME` varchar(200) NOT NULL,
  `TRIGGER_GROUP` varchar(200) NOT NULL,
  `BLOB_DATA` blob,
  PRIMARY KEY (`SCHED_NAME`,`TRIGGER_NAME`,`TRIGGER_GROUP`),
  KEY `SCHED_NAME` (`SCHED_NAME`,`TRIGGER_NAME`,`TRIGGER_GROUP`),
  CONSTRAINT `qrtz_blob_triggers_ibfk_1` FOREIGN KEY (`SCHED_NAME`, `TRIGGER_NAME`, `TRIGGER_GROUP`) REFERENCES `qrtz_triggers` (`SCHED_NAME`, `TRIGGER_NAME`, `TRIGGER_GROUP`)
) ENGINE=InnoDB DEFAULT CHARSET=utf8;

/*Data for the table `qrtz_blob_triggers` */

/*Table structure for table `qrtz_calendars` */

DROP TABLE IF EXISTS `qrtz_calendars`;

CREATE TABLE `qrtz_calendars` (
  `SCHED_NAME` varchar(120) NOT NULL,
  `CALENDAR_NAME` varchar(200) NOT NULL,
  `CALENDAR` blob NOT NULL,
  PRIMARY KEY (`SCHED_NAME`,`CALENDAR_NAME`)
) ENGINE=InnoDB DEFAULT CHARSET=utf8;

/*Data for the table `qrtz_calendars` */

/*Table structure for table `qrtz_cron_triggers` */

DROP TABLE IF EXISTS `qrtz_cron_triggers`;

CREATE TABLE `qrtz_cron_triggers` (
  `SCHED_NAME` varchar(120) NOT NULL,
  `TRIGGER_NAME` varchar(200) NOT NULL,
  `TRIGGER_GROUP` varchar(200) NOT NULL,
  `CRON_EXPRESSION` varchar(120) NOT NULL,
  `TIME_ZONE_ID` varchar(80) DEFAULT NULL,
  PRIMARY KEY (`SCHED_NAME`,`TRIGGER_NAME`,`TRIGGER_GROUP`),
  CONSTRAINT `qrtz_cron_triggers_ibfk_1` FOREIGN KEY (`SCHED_NAME`, `TRIGGER_NAME`, `TRIGGER_GROUP`) REFERENCES `qrtz_triggers` (`SCHED_NAME`, `TRIGGER_NAME`, `TRIGGER_GROUP`)
) ENGINE=InnoDB DEFAULT CHARSET=utf8;

/*Data for the table `qrtz_cron_triggers` */

insert  into `qrtz_cron_triggers`(`SCHED_NAME`,`TRIGGER_NAME`,`TRIGGER_GROUP`,`CRON_EXPRESSION`,`TIME_ZONE_ID`) values ('RenrenScheduler','TASK_1','DEFAULT','0 0/30 * * * ?','Asia/Shanghai');

/*Table structure for table `qrtz_fired_triggers` */

DROP TABLE IF EXISTS `qrtz_fired_triggers`;

CREATE TABLE `qrtz_fired_triggers` (
  `SCHED_NAME` varchar(120) NOT NULL,
  `ENTRY_ID` varchar(95) NOT NULL,
  `TRIGGER_NAME` varchar(200) NOT NULL,
  `TRIGGER_GROUP` varchar(200) NOT NULL,
  `INSTANCE_NAME` varchar(200) NOT NULL,
  `FIRED_TIME` bigint(13) NOT NULL,
  `SCHED_TIME` bigint(13) NOT NULL,
  `PRIORITY` int(11) NOT NULL,
  `STATE` varchar(16) NOT NULL,
  `JOB_NAME` varchar(200) DEFAULT NULL,
  `JOB_GROUP` varchar(200) DEFAULT NULL,
  `IS_NONCONCURRENT` varchar(1) DEFAULT NULL,
  `REQUESTS_RECOVERY` varchar(1) DEFAULT NULL,
  PRIMARY KEY (`SCHED_NAME`,`ENTRY_ID`),
  KEY `IDX_QRTZ_FT_TRIG_INST_NAME` (`SCHED_NAME`,`INSTANCE_NAME`),
  KEY `IDX_QRTZ_FT_INST_JOB_REQ_RCVRY` (`SCHED_NAME`,`INSTANCE_NAME`,`REQUESTS_RECOVERY`),
  KEY `IDX_QRTZ_FT_J_G` (`SCHED_NAME`,`JOB_NAME`,`JOB_GROUP`),
  KEY `IDX_QRTZ_FT_JG` (`SCHED_NAME`,`JOB_GROUP`),
  KEY `IDX_QRTZ_FT_T_G` (`SCHED_NAME`,`TRIGGER_NAME`,`TRIGGER_GROUP`),
  KEY `IDX_QRTZ_FT_TG` (`SCHED_NAME`,`TRIGGER_GROUP`)
) ENGINE=InnoDB DEFAULT CHARSET=utf8;

/*Data for the table `qrtz_fired_triggers` */

/*Table structure for table `qrtz_job_details` */

DROP TABLE IF EXISTS `qrtz_job_details`;

CREATE TABLE `qrtz_job_details` (
  `SCHED_NAME` varchar(120) NOT NULL,
  `JOB_NAME` varchar(200) NOT NULL,
  `JOB_GROUP` varchar(200) NOT NULL,
  `DESCRIPTION` varchar(250) DEFAULT NULL,
  `JOB_CLASS_NAME` varchar(250) NOT NULL,
  `IS_DURABLE` varchar(1) NOT NULL,
  `IS_NONCONCURRENT` varchar(1) NOT NULL,
  `IS_UPDATE_DATA` varchar(1) NOT NULL,
  `REQUESTS_RECOVERY` varchar(1) NOT NULL,
  `JOB_DATA` blob,
  PRIMARY KEY (`SCHED_NAME`,`JOB_NAME`,`JOB_GROUP`),
  KEY `IDX_QRTZ_J_REQ_RECOVERY` (`SCHED_NAME`,`REQUESTS_RECOVERY`),
  KEY `IDX_QRTZ_J_GRP` (`SCHED_NAME`,`JOB_GROUP`)
) ENGINE=InnoDB DEFAULT CHARSET=utf8;

/*Data for the table `qrtz_job_details` */

insert  into `qrtz_job_details`(`SCHED_NAME`,`JOB_NAME`,`JOB_GROUP`,`DESCRIPTION`,`JOB_CLASS_NAME`,`IS_DURABLE`,`IS_NONCONCURRENT`,`IS_UPDATE_DATA`,`REQUESTS_RECOVERY`,`JOB_DATA`) values ('RenrenScheduler','TASK_1','DEFAULT',NULL,'io.linfeng.modules.job.utils.ScheduleJob','0','0','0','0','¬í\0sr\0org.quartz.JobDataMapŸ°ƒè¿©°Ë\0\0xr\0&org.quartz.utils.StringKeyDirtyFlagMap‚èÃûÅ](\0Z\0allowsTransientDataxr\0org.quartz.utils.DirtyFlagMapæ.­(v\nÎ\0Z\0dirtyL\0mapt\0Ljava/util/Map;xpsr\0java.util.HashMapÚÁÃ`Ñ\0F\0\nloadFactorI\0	thresholdxp?@\0\0\0\0\0w\0\0\0\0\0\0t\0\rJOB_PARAM_KEYsr\0/io.linfeng.modules.job.entity.ScheduleJobEntity\0\0\0\0\0\0\0\0L\0beanNamet\0Ljava/lang/String;L\0\ncreateTimet\0Ljava/util/Date;L\0cronExpressionq\0~\0	L\0jobIdt\0Ljava/lang/Long;L\0paramsq\0~\0	L\0remarkq\0~\0	L\0statust\0Ljava/lang/Integer;xpt\0testTasksr\0java.util.DatehjKYt\0\0xpw\0\0~(šdxt\00 0/30 * * * ?sr\0java.lang.Long;‹äÌ#ß\0J\0valuexr\0java.lang.Number†¬•”à‹\0\0xp\0\0\0\0\0\0\0t\0renrent\0å‚æ•°æµ‹è¯•sr\0java.lang.Integerâ ¤÷‡8\0I\0valuexq\0~\0\0\0\0\0x\0');

/*Table structure for table `qrtz_locks` */

DROP TABLE IF EXISTS `qrtz_locks`;

CREATE TABLE `qrtz_locks` (
  `SCHED_NAME` varchar(120) NOT NULL,
  `LOCK_NAME` varchar(40) NOT NULL,
  PRIMARY KEY (`SCHED_NAME`,`LOCK_NAME`)
) ENGINE=InnoDB DEFAULT CHARSET=utf8;

/*Data for the table `qrtz_locks` */

insert  into `qrtz_locks`(`SCHED_NAME`,`LOCK_NAME`) values ('RenrenScheduler','STATE_ACCESS'),('RenrenScheduler','TRIGGER_ACCESS');

/*Table structure for table `qrtz_paused_trigger_grps` */

DROP TABLE IF EXISTS `qrtz_paused_trigger_grps`;

CREATE TABLE `qrtz_paused_trigger_grps` (
  `SCHED_NAME` varchar(120) NOT NULL,
  `TRIGGER_GROUP` varchar(200) NOT NULL,
  PRIMARY KEY (`SCHED_NAME`,`TRIGGER_GROUP`)
) ENGINE=InnoDB DEFAULT CHARSET=utf8;

/*Data for the table `qrtz_paused_trigger_grps` */

/*Table structure for table `qrtz_scheduler_state` */

DROP TABLE IF EXISTS `qrtz_scheduler_state`;

CREATE TABLE `qrtz_scheduler_state` (
  `SCHED_NAME` varchar(120) NOT NULL,
  `INSTANCE_NAME` varchar(200) NOT NULL,
  `LAST_CHECKIN_TIME` bigint(13) NOT NULL,
  `CHECKIN_INTERVAL` bigint(13) NOT NULL,
  PRIMARY KEY (`SCHED_NAME`,`INSTANCE_NAME`)
) ENGINE=InnoDB DEFAULT CHARSET=utf8;

/*Data for the table `qrtz_scheduler_state` */

insert  into `qrtz_scheduler_state`(`SCHED_NAME`,`INSTANCE_NAME`,`LAST_CHECKIN_TIME`,`CHECKIN_INTERVAL`) values ('ProjectScheduler','LAPTOP-47M7VFTC1666252683180',1666252925589,15000),('RenrenScheduler','LAPTOP-47M7VFTC1641368553138',1641368599756,15000);

/*Table structure for table `qrtz_simple_triggers` */

DROP TABLE IF EXISTS `qrtz_simple_triggers`;

CREATE TABLE `qrtz_simple_triggers` (
  `SCHED_NAME` varchar(120) NOT NULL,
  `TRIGGER_NAME` varchar(200) NOT NULL,
  `TRIGGER_GROUP` varchar(200) NOT NULL,
  `REPEAT_COUNT` bigint(7) NOT NULL,
  `REPEAT_INTERVAL` bigint(12) NOT NULL,
  `TIMES_TRIGGERED` bigint(10) NOT NULL,
  PRIMARY KEY (`SCHED_NAME`,`TRIGGER_NAME`,`TRIGGER_GROUP`),
  CONSTRAINT `qrtz_simple_triggers_ibfk_1` FOREIGN KEY (`SCHED_NAME`, `TRIGGER_NAME`, `TRIGGER_GROUP`) REFERENCES `qrtz_triggers` (`SCHED_NAME`, `TRIGGER_NAME`, `TRIGGER_GROUP`)
) ENGINE=InnoDB DEFAULT CHARSET=utf8;

/*Data for the table `qrtz_simple_triggers` */

/*Table structure for table `qrtz_simprop_triggers` */

DROP TABLE IF EXISTS `qrtz_simprop_triggers`;

CREATE TABLE `qrtz_simprop_triggers` (
  `SCHED_NAME` varchar(120) NOT NULL,
  `TRIGGER_NAME` varchar(200) NOT NULL,
  `TRIGGER_GROUP` varchar(200) NOT NULL,
  `STR_PROP_1` varchar(512) DEFAULT NULL,
  `STR_PROP_2` varchar(512) DEFAULT NULL,
  `STR_PROP_3` varchar(512) DEFAULT NULL,
  `INT_PROP_1` int(11) DEFAULT NULL,
  `INT_PROP_2` int(11) DEFAULT NULL,
  `LONG_PROP_1` bigint(20) DEFAULT NULL,
  `LONG_PROP_2` bigint(20) DEFAULT NULL,
  `DEC_PROP_1` decimal(13,4) DEFAULT NULL,
  `DEC_PROP_2` decimal(13,4) DEFAULT NULL,
  `BOOL_PROP_1` varchar(1) DEFAULT NULL,
  `BOOL_PROP_2` varchar(1) DEFAULT NULL,
  PRIMARY KEY (`SCHED_NAME`,`TRIGGER_NAME`,`TRIGGER_GROUP`),
  CONSTRAINT `qrtz_simprop_triggers_ibfk_1` FOREIGN KEY (`SCHED_NAME`, `TRIGGER_NAME`, `TRIGGER_GROUP`) REFERENCES `qrtz_triggers` (`SCHED_NAME`, `TRIGGER_NAME`, `TRIGGER_GROUP`)
) ENGINE=InnoDB DEFAULT CHARSET=utf8;

/*Data for the table `qrtz_simprop_triggers` */

/*Table structure for table `qrtz_triggers` */

DROP TABLE IF EXISTS `qrtz_triggers`;

CREATE TABLE `qrtz_triggers` (
  `SCHED_NAME` varchar(120) NOT NULL,
  `TRIGGER_NAME` varchar(200) NOT NULL,
  `TRIGGER_GROUP` varchar(200) NOT NULL,
  `JOB_NAME` varchar(200) NOT NULL,
  `JOB_GROUP` varchar(200) NOT NULL,
  `DESCRIPTION` varchar(250) DEFAULT NULL,
  `NEXT_FIRE_TIME` bigint(13) DEFAULT NULL,
  `PREV_FIRE_TIME` bigint(13) DEFAULT NULL,
  `PRIORITY` int(11) DEFAULT NULL,
  `TRIGGER_STATE` varchar(16) NOT NULL,
  `TRIGGER_TYPE` varchar(8) NOT NULL,
  `START_TIME` bigint(13) NOT NULL,
  `END_TIME` bigint(13) DEFAULT NULL,
  `CALENDAR_NAME` varchar(200) DEFAULT NULL,
  `MISFIRE_INSTR` smallint(2) DEFAULT NULL,
  `JOB_DATA` blob,
  PRIMARY KEY (`SCHED_NAME`,`TRIGGER_NAME`,`TRIGGER_GROUP`),
  KEY `IDX_QRTZ_T_J` (`SCHED_NAME`,`JOB_NAME`,`JOB_GROUP`),
  KEY `IDX_QRTZ_T_JG` (`SCHED_NAME`,`JOB_GROUP`),
  KEY `IDX_QRTZ_T_C` (`SCHED_NAME`,`CALENDAR_NAME`),
  KEY `IDX_QRTZ_T_G` (`SCHED_NAME`,`TRIGGER_GROUP`),
  KEY `IDX_QRTZ_T_STATE` (`SCHED_NAME`,`TRIGGER_STATE`),
  KEY `IDX_QRTZ_T_N_STATE` (`SCHED_NAME`,`TRIGGER_NAME`,`TRIGGER_GROUP`,`TRIGGER_STATE`),
  KEY `IDX_QRTZ_T_N_G_STATE` (`SCHED_NAME`,`TRIGGER_GROUP`,`TRIGGER_STATE`),
  KEY `IDX_QRTZ_T_NEXT_FIRE_TIME` (`SCHED_NAME`,`NEXT_FIRE_TIME`),
  KEY `IDX_QRTZ_T_NFT_ST` (`SCHED_NAME`,`TRIGGER_STATE`,`NEXT_FIRE_TIME`),
  KEY `IDX_QRTZ_T_NFT_MISFIRE` (`SCHED_NAME`,`MISFIRE_INSTR`,`NEXT_FIRE_TIME`),
  KEY `IDX_QRTZ_T_NFT_ST_MISFIRE` (`SCHED_NAME`,`MISFIRE_INSTR`,`NEXT_FIRE_TIME`,`TRIGGER_STATE`),
  KEY `IDX_QRTZ_T_NFT_ST_MISFIRE_GRP` (`SCHED_NAME`,`MISFIRE_INSTR`,`NEXT_FIRE_TIME`,`TRIGGER_GROUP`,`TRIGGER_STATE`),
  CONSTRAINT `qrtz_triggers_ibfk_1` FOREIGN KEY (`SCHED_NAME`, `JOB_NAME`, `JOB_GROUP`) REFERENCES `qrtz_job_details` (`SCHED_NAME`, `JOB_NAME`, `JOB_GROUP`)
) ENGINE=InnoDB DEFAULT CHARSET=utf8;

/*Data for the table `qrtz_triggers` */

insert  into `qrtz_triggers`(`SCHED_NAME`,`TRIGGER_NAME`,`TRIGGER_GROUP`,`JOB_NAME`,`JOB_GROUP`,`DESCRIPTION`,`NEXT_FIRE_TIME`,`PREV_FIRE_TIME`,`PRIORITY`,`TRIGGER_STATE`,`TRIGGER_TYPE`,`START_TIME`,`END_TIME`,`CALENDAR_NAME`,`MISFIRE_INSTR`,`JOB_DATA`) values ('RenrenScheduler','TASK_1','DEFAULT','TASK_1','DEFAULT',NULL,1641369600000,-1,5,'WAITING','CRON',1641368553000,0,NULL,2,'');

/*Table structure for table `schedule_job` */

DROP TABLE IF EXISTS `schedule_job`;

CREATE TABLE `schedule_job` (
  `job_id` bigint(20) NOT NULL AUTO_INCREMENT COMMENT 'ä»»åŠ¡id',
  `bean_name` varchar(200) DEFAULT NULL COMMENT 'spring beanåç§°',
  `params` varchar(2000) DEFAULT NULL COMMENT 'å‚æ•°',
  `cron_expression` varchar(100) DEFAULT NULL COMMENT 'cronè¡¨è¾¾å¼',
  `status` tinyint(4) DEFAULT NULL COMMENT 'ä»»åŠ¡çŠ¶æ€  0ï¼šæ­£å¸¸  1ï¼šæš‚åœ',
  `remark` varchar(255) DEFAULT NULL COMMENT 'å¤‡æ³¨',
  `create_time` datetime DEFAULT NULL COMMENT 'åˆ›å»ºæ—¶é—´',
  PRIMARY KEY (`job_id`)
) ENGINE=InnoDB DEFAULT CHARSET=utf8mb4 COMMENT='å®šæ—¶ä»»åŠ¡';

/*Data for the table `schedule_job` */

/*Table structure for table `schedule_job_log` */

DROP TABLE IF EXISTS `schedule_job_log`;

CREATE TABLE `schedule_job_log` (
  `log_id` bigint(20) NOT NULL AUTO_INCREMENT COMMENT 'ä»»åŠ¡æ—¥å¿—id',
  `job_id` bigint(20) NOT NULL COMMENT 'ä»»åŠ¡id',
  `bean_name` varchar(200) DEFAULT NULL COMMENT 'spring beanåç§°',
  `params` varchar(2000) DEFAULT NULL COMMENT 'å‚æ•°',
  `status` tinyint(4) NOT NULL COMMENT 'ä»»åŠ¡çŠ¶æ€    0ï¼šæˆåŠŸ    1ï¼šå¤±è´¥',
  `error` varchar(2000) DEFAULT NULL COMMENT 'å¤±è´¥ä¿¡æ¯',
  `times` int(11) NOT NULL COMMENT 'è€—æ—¶(å•ä½ï¼šæ¯«ç§’)',
  `create_time` datetime DEFAULT NULL COMMENT 'åˆ›å»ºæ—¶é—´',
  PRIMARY KEY (`log_id`),
  KEY `job_id` (`job_id`)
) ENGINE=InnoDB AUTO_INCREMENT=6 DEFAULT CHARSET=utf8mb4 COMMENT='å®šæ—¶ä»»åŠ¡æ—¥å¿—';

/*Data for the table `schedule_job_log` */

/*Table structure for table `sys_captcha` */

DROP TABLE IF EXISTS `sys_captcha`;

CREATE TABLE `sys_captcha` (
  `uuid` char(36) NOT NULL COMMENT 'uuid',
  `code` varchar(6) NOT NULL COMMENT 'éªŒè¯ç ',
  `expire_time` datetime DEFAULT NULL COMMENT 'è¿‡æœŸæ—¶é—´',
  PRIMARY KEY (`uuid`)
) ENGINE=InnoDB DEFAULT CHARSET=utf8mb4 COMMENT='ç³»ç»ŸéªŒè¯ç ';

/*Data for the table `sys_captcha` */

/*Table structure for table `sys_config` */

DROP TABLE IF EXISTS `sys_config`;

CREATE TABLE `sys_config` (
  `id` bigint(20) NOT NULL AUTO_INCREMENT,
  `param_key` varchar(50) DEFAULT NULL COMMENT 'key',
  `param_value` varchar(2000) DEFAULT NULL COMMENT 'value',
  `status` tinyint(4) DEFAULT '1' COMMENT 'çŠ¶æ€   0ï¼šéšè—   1ï¼šæ˜¾ç¤º',
  `remark` varchar(500) DEFAULT NULL COMMENT 'å¤‡æ³¨',
  PRIMARY KEY (`id`),
  UNIQUE KEY `param_key` (`param_key`)
) ENGINE=InnoDB AUTO_INCREMENT=3 DEFAULT CHARSET=utf8mb4 COMMENT='ç³»ç»Ÿé…ç½®ä¿¡æ¯è¡¨';

/*Data for the table `sys_config` */

insert  into `sys_config`(`id`,`param_key`,`param_value`,`status`,`remark`) values (1,'CLOUD_STORAGE_CONFIG_KEY','{\"type\":2,\"qiniuDomain\":\"http://pic.linfeng.tech\",\"qiniuPrefix\":\"test\",\"qiniuAccessKey\":\"Fmp__H-4gMbT5nu-FSW7OzFKfFCAFPPkNO0CB\",\"qiniuSecretKey\":\"YVBVbxI_XXWlax5gXwwwzcFuIiNvqdeQNfb\",\"qiniuBucketName\":\"linfeng01\",\"aliyunDomain\":\"https://multishop.oss-cn-shenzhen.aliyuncs.com/\",\"aliyunPrefix\":\"\",\"aliyunEndPoint\":\"https://oss-cn-shenzhen.aliyuncs.com/\",\"aliyunAccessKeyId\":\"LTAIbbbbbbYgE0fyPX0iuX\",\"aliyunAccessKeySecret\":\"SH1ZOzzXH0DEWIg0gqyJ2oooYI5\",\"aliyunBucketName\":\"multshop\",\"qcloudDomain\":\"\",\"qcloudPrefix\":\"\",\"qcloudSecretId\":\"\",\"qcloudSecretKey\":\"\",\"qcloudBucketName\":\"\"}',0,'äº‘å­˜å‚¨é…ç½®ä¿¡æ¯'),(2,'user','zhangsan',1,'test11');

/*Table structure for table `sys_log` */

DROP TABLE IF EXISTS `sys_log`;

CREATE TABLE `sys_log` (
  `id` bigint(20) NOT NULL AUTO_INCREMENT,
  `username` varchar(50) DEFAULT NULL COMMENT 'ç”¨æˆ·å',
  `operation` varchar(50) DEFAULT NULL COMMENT 'ç”¨æˆ·æ“ä½œ',
  `method` varchar(200) DEFAULT NULL COMMENT 'è¯·æ±‚æ–¹æ³•',
  `params` varchar(5000) DEFAULT NULL COMMENT 'è¯·æ±‚å‚æ•°',
  `time` bigint(20) NOT NULL COMMENT 'æ‰§è¡Œæ—¶é•¿(æ¯«ç§’)',
  `ip` varchar(64) DEFAULT NULL COMMENT 'IPåœ°å€',
  `create_date` datetime DEFAULT NULL COMMENT 'åˆ›å»ºæ—¶é—´',
  PRIMARY KEY (`id`)
) ENGINE=InnoDB DEFAULT CHARSET=utf8mb4 COMMENT='ç³»ç»Ÿæ—¥å¿—';

/*Data for the table `sys_log` */

/*Table structure for table `sys_menu` */

DROP TABLE IF EXISTS `sys_menu`;

CREATE TABLE `sys_menu` (
  `menu_id` bigint(20) NOT NULL AUTO_INCREMENT,
  `parent_id` bigint(20) DEFAULT NULL COMMENT 'çˆ¶èœå•IDï¼Œä¸€çº§èœå•ä¸º0',
  `name` varchar(50) DEFAULT NULL COMMENT 'èœå•åç§°',
  `url` varchar(200) DEFAULT NULL COMMENT 'èœå•URL',
  `perms` varchar(500) DEFAULT NULL COMMENT 'æˆæƒ(å¤šä¸ªç”¨é€—å·åˆ†éš”ï¼Œå¦‚ï¼šuser:list,user:create)',
  `type` int(11) DEFAULT NULL COMMENT 'ç±»å‹   0ï¼šç›®å½•   1ï¼šèœå•   2ï¼šæŒ‰é’®',
  `icon` varchar(50) DEFAULT NULL COMMENT 'èœå•å›¾æ ‡',
  `order_num` int(11) DEFAULT NULL COMMENT 'æ’åº',
  PRIMARY KEY (`menu_id`)
) ENGINE=InnoDB AUTO_INCREMENT=90 DEFAULT CHARSET=utf8mb4 COMMENT='èœå•ç®¡ç†';

/*Data for the table `sys_menu` */

insert  into `sys_menu`(`menu_id`,`parent_id`,`name`,`url`,`perms`,`type`,`icon`,`order_num`) values (1,0,'ç³»ç»Ÿç®¡ç†',NULL,NULL,0,'system',0),(2,1,'ç®¡ç†å‘˜åˆ—è¡¨','sys/user',NULL,1,'admin',1),(3,1,'è§’è‰²ç®¡ç†','sys/role',NULL,1,'role',2),(4,1,'èœå•ç®¡ç†','sys/menu',NULL,1,'menu',3),(5,1,'SQLç›‘æ§','http://localhost:8080/druid/sql.html',NULL,1,'sql',4),(6,1,'å®šæ—¶ä»»åŠ¡','job/schedule',NULL,1,'job',5),(7,6,'æŸ¥çœ‹',NULL,'sys:schedule:list,sys:schedule:info',2,NULL,0),(8,6,'æ–°å¢',NULL,'sys:schedule:save',2,NULL,0),(9,6,'ä¿®æ”¹',NULL,'sys:schedule:update',2,NULL,0),(10,6,'åˆ é™¤',NULL,'sys:schedule:delete',2,NULL,0),(11,6,'æš‚åœ',NULL,'sys:schedule:pause',2,NULL,0),(12,6,'æ¢å¤',NULL,'sys:schedule:resume',2,NULL,0),(13,6,'ç«‹å³æ‰§è¡Œ',NULL,'sys:schedule:run',2,NULL,0),(14,6,'æ—¥å¿—åˆ—è¡¨',NULL,'sys:schedule:log',2,NULL,0),(15,2,'æŸ¥çœ‹',NULL,'sys:user:list,sys:user:info',2,NULL,0),(16,2,'æ–°å¢',NULL,'sys:user:save,sys:role:select',2,NULL,0),(17,2,'ä¿®æ”¹',NULL,'sys:user:update,sys:role:select',2,NULL,0),(18,2,'åˆ é™¤',NULL,'sys:user:delete',2,NULL,0),(19,3,'æŸ¥çœ‹',NULL,'sys:role:list,sys:role:info',2,NULL,0),(20,3,'æ–°å¢',NULL,'sys:role:save,sys:menu:list',2,NULL,0),(21,3,'ä¿®æ”¹',NULL,'sys:role:update,sys:menu:list',2,NULL,0),(22,3,'åˆ é™¤',NULL,'sys:role:delete',2,NULL,0),(23,4,'æŸ¥çœ‹',NULL,'sys:menu:list,sys:menu:info',2,NULL,0),(24,4,'æ–°å¢',NULL,'sys:menu:save,sys:menu:select',2,NULL,0),(25,4,'ä¿®æ”¹',NULL,'sys:menu:update,sys:menu:select',2,NULL,0),(26,4,'åˆ é™¤',NULL,'sys:menu:delete',2,NULL,0),(27,1,'å‚æ•°ç®¡ç†','sys/config','sys:config:list,sys:config:info,sys:config:save,sys:config:update,sys:config:delete',1,'config',6),(29,1,'ç³»ç»Ÿæ—¥å¿—','sys/log','sys:log:list',1,'log',7),(30,42,'æ–‡ä»¶ä¸Šä¼ ','oss/oss','sys:oss:all',1,'oss',6),(36,0,'åŠ¨æ€ç®¡ç†','','',0,'geren',3),(37,42,'åº”ç”¨é…ç½®ç®¡ç†','admin/system',NULL,1,'config',6),(38,37,'æŸ¥çœ‹',NULL,'admin:system:list,admin:system:info',2,NULL,6),(39,37,'æ–°å¢',NULL,'admin:system:save',2,NULL,6),(40,37,'ä¿®æ”¹',NULL,'admin:system:update',2,NULL,6),(41,37,'åˆ é™¤',NULL,'admin:system:delete',2,NULL,6),(42,0,'åº”ç”¨ç®¡ç†','','',0,'zhedie',2),(43,88,'ä¼šå‘˜ç®¡ç†','admin/user',NULL,1,'geren',6),(44,43,'æŸ¥çœ‹',NULL,'admin:user:list,admin:user:info',2,NULL,6),(45,43,'æ–°å¢',NULL,'admin:user:save',2,NULL,6),(46,43,'ä¿®æ”¹',NULL,'admin:user:update',2,NULL,6),(47,43,'åˆ é™¤',NULL,'admin:user:delete',2,NULL,6),(48,89,'åˆ†ç±»ç®¡ç†','admin/category',NULL,1,'zhedie',6),(49,48,'æŸ¥çœ‹',NULL,'admin:category:list,admin:category:info',2,NULL,6),(50,48,'æ–°å¢',NULL,'admin:category:save',2,NULL,6),(51,48,'ä¿®æ”¹',NULL,'admin:category:update',2,NULL,6),(58,36,'å¸–å­ç®¡ç†','admin/post',NULL,1,'config',6),(59,58,'æŸ¥çœ‹',NULL,'admin:post:list,admin:post:info',2,NULL,6),(60,58,'æ–°å¢',NULL,'admin:post:save',2,NULL,6),(61,58,'ä¿®æ”¹',NULL,'admin:post:update',2,NULL,6),(62,58,'åˆ é™¤',NULL,'admin:post:delete',2,NULL,6),(68,36,'è¯„è®ºç®¡ç†','admin/comment',NULL,1,'config',6),(69,68,'æŸ¥çœ‹',NULL,'admin:comment:list,admin:comment:info',2,NULL,6),(70,68,'æ–°å¢',NULL,'admin:comment:save',2,NULL,6),(71,68,'ä¿®æ”¹',NULL,'admin:comment:update',2,NULL,6),(72,68,'åˆ é™¤',NULL,'admin:comment:delete',2,NULL,6),(78,42,'è½®æ’­å›¾ç®¡ç†','admin/link',NULL,1,'config',6),(79,78,'æŸ¥çœ‹',NULL,'admin:link:list,admin:link:info',2,NULL,6),(80,78,'æ–°å¢',NULL,'admin:link:save',2,NULL,6),(81,78,'ä¿®æ”¹',NULL,'admin:link:update',2,NULL,6),(82,78,'åˆ é™¤',NULL,'admin:link:delete',2,NULL,6),(88,0,'ç”¨æˆ·ç®¡ç†','','',0,'admin',6),(89,0,'å†…å®¹ç®¡ç†','','',0,'editor',9);

/*Table structure for table `sys_oss` */

DROP TABLE IF EXISTS `sys_oss`;

CREATE TABLE `sys_oss` (
  `id` bigint(20) NOT NULL AUTO_INCREMENT,
  `url` varchar(200) DEFAULT NULL COMMENT 'URLåœ°å€',
  `create_date` datetime DEFAULT NULL COMMENT 'åˆ›å»ºæ—¶é—´',
  PRIMARY KEY (`id`)
) ENGINE=InnoDB DEFAULT CHARSET=utf8mb4 COMMENT='æ–‡ä»¶ä¸Šä¼ ';

/*Data for the table `sys_oss` */

/*Table structure for table `sys_role` */

DROP TABLE IF EXISTS `sys_role`;

CREATE TABLE `sys_role` (
  `role_id` bigint(20) NOT NULL AUTO_INCREMENT,
  `role_name` varchar(100) DEFAULT NULL COMMENT 'è§’è‰²åç§°',
  `remark` varchar(100) DEFAULT NULL COMMENT 'å¤‡æ³¨',
  `create_user_id` bigint(20) DEFAULT NULL COMMENT 'åˆ›å»ºè€…ID',
  `create_time` datetime DEFAULT NULL COMMENT 'åˆ›å»ºæ—¶é—´',
  PRIMARY KEY (`role_id`)
) ENGINE=InnoDB AUTO_INCREMENT=2 DEFAULT CHARSET=utf8mb4 COMMENT='è§’è‰²';

/*Data for the table `sys_role` */

insert  into `sys_role`(`role_id`,`role_name`,`remark`,`create_user_id`,`create_time`) values (1,'è¿è¥','è¿è¥äººå‘˜',1,'2022-01-05 13:35:45');

/*Table structure for table `sys_role_menu` */

DROP TABLE IF EXISTS `sys_role_menu`;

CREATE TABLE `sys_role_menu` (
  `id` bigint(20) NOT NULL AUTO_INCREMENT,
  `role_id` bigint(20) DEFAULT NULL COMMENT 'è§’è‰²ID',
  `menu_id` bigint(20) DEFAULT NULL COMMENT 'èœå•ID',
  PRIMARY KEY (`id`)
) ENGINE=InnoDB DEFAULT CHARSET=utf8mb4 COMMENT='è§’è‰²ä¸èœå•å¯¹åº”å…³ç³»';

/*Data for the table `sys_role_menu` */

/*Table structure for table `sys_user` */

DROP TABLE IF EXISTS `sys_user`;

CREATE TABLE `sys_user` (
  `user_id` bigint(20) NOT NULL AUTO_INCREMENT,
  `username` varchar(50) NOT NULL COMMENT 'ç”¨æˆ·å',
  `password` varchar(100) DEFAULT NULL COMMENT 'å¯†ç ',
  `salt` varchar(20) DEFAULT NULL COMMENT 'ç›',
  `email` varchar(100) DEFAULT NULL COMMENT 'é‚®ç®±',
  `mobile` varchar(100) DEFAULT NULL COMMENT 'æ‰‹æœºå·',
  `status` tinyint(4) DEFAULT NULL COMMENT 'çŠ¶æ€  0ï¼šç¦ç”¨   1ï¼šæ­£å¸¸',
  `create_user_id` bigint(20) DEFAULT NULL COMMENT 'åˆ›å»ºè€…ID',
  `create_time` datetime DEFAULT NULL COMMENT 'åˆ›å»ºæ—¶é—´',
  PRIMARY KEY (`user_id`),
  UNIQUE KEY `username` (`username`)
) ENGINE=InnoDB AUTO_INCREMENT=3 DEFAULT CHARSET=utf8mb4 COMMENT='ç³»ç»Ÿç”¨æˆ·';

/*Data for the table `sys_user` */

insert  into `sys_user`(`user_id`,`username`,`password`,`salt`,`email`,`mobile`,`status`,`create_user_id`,`create_time`) values (1,'admin','cdac762d0ba79875489f6a8b430fa8b5dfe0cdd81da38b80f02f33328af7fd4a','YzcmCZNvbXocrsz9dm8e','root@163.com','18100900090',1,1,'2022-01-05 13:36:24'),(2,'yunying','5ad9030f5f5e49ed06e6dfb44f0da6f9a95cf9f68276207c1277c05d31bc5fc6','hXie4Fbhak1N6pNOtIoo','yunying@163.com','15669231234',1,1,'2022-01-05 13:36:24');

/*Table structure for table `sys_user_role` */

DROP TABLE IF EXISTS `sys_user_role`;

CREATE TABLE `sys_user_role` (
  `id` bigint(20) NOT NULL AUTO_INCREMENT,
  `user_id` bigint(20) DEFAULT NULL COMMENT 'ç”¨æˆ·ID',
  `role_id` bigint(20) DEFAULT NULL COMMENT 'è§’è‰²ID',
  PRIMARY KEY (`id`)
) ENGINE=InnoDB AUTO_INCREMENT=2 DEFAULT CHARSET=utf8mb4 COMMENT='ç”¨æˆ·ä¸è§’è‰²å¯¹åº”å…³ç³»';

/*Data for the table `sys_user_role` */

insert  into `sys_user_role`(`id`,`user_id`,`role_id`) values (1,2,1);

/*Table structure for table `sys_user_token` */

DROP TABLE IF EXISTS `sys_user_token`;

CREATE TABLE `sys_user_token` (
  `user_id` bigint(20) NOT NULL,
  `token` varchar(100) NOT NULL COMMENT 'token',
  `expire_time` datetime DEFAULT NULL COMMENT 'è¿‡æœŸæ—¶é—´',
  `update_time` datetime DEFAULT NULL COMMENT 'æ›´æ–°æ—¶é—´',
  PRIMARY KEY (`user_id`),
  UNIQUE KEY `token` (`token`)
) ENGINE=InnoDB DEFAULT CHARSET=utf8mb4 COMMENT='ç³»ç»Ÿç”¨æˆ·Token';

/*Data for the table `sys_user_token` */

insert  into `sys_user_token`(`user_id`,`token`,`expire_time`,`update_time`) values (1,'bae623cdee585dc9db254b8385488e1b','2022-10-21 03:48:44','2022-10-20 15:48:44'),(2,'354a481dc6c46c194bc1d01aa7f4bbeb','2022-01-06 02:55:50','2022-01-05 14:55:50');

/*!40101 SET SQL_MODE=@OLD_SQL_MODE */;
/*!40014 SET FOREIGN_KEY_CHECKS=@OLD_FOREIGN_KEY_CHECKS */;
/*!40014 SET UNIQUE_CHECKS=@OLD_UNIQUE_CHECKS */;
/*!40111 SET SQL_NOTES=@OLD_SQL_NOTES */;
